model,attack_model,lr,Accuracy,Precision-micro,Precision-macro,Precision-weighted,F1-micro,F1-macro,F1-weighted,FPR,TPR,FNR,TNR
dnn,en,0.001,0.008521714326463667,0.008521714326463667,0.004043104413127642,0.020913294006147692,0.008521714326463667,0.002885817574387051,0.011950683812916812,0.06885273934340932,0.002401460029064561,0.9975985399709354,0.9311472606565907
model,attack_model,lr,Accuracy,Precision-micro,Precision-macro,Precision-weighted,F1-micro,F1-macro,F1-weighted,FPR,TPR,FNR,TNR
dnn,en,0.01,0.0002995079512229908,0.0002995079512229908,7.415693715798858e-05,0.0007555246361818165,0.0002995079512229908,4.652268716778558e-05,0.0004140928654925769,0.06936037822814424,5.02380694820067e-05,0.9999497619305179,0.9306396217718557
model,attack_model,lr,Accuracy,Precision-micro,Precision-macro,Precision-weighted,F1-micro,F1-macro,F1-weighted,FPR,TPR,FNR,TNR
dnn,en,0.1,4.9917991870498464e-05,4.9917991870498464e-05,1.2241122126177989e-05,0.00013474059678929545,4.9917991870498464e-05,6.618183743471634e-06,7.28477355314979e-05,0.0693890442299645,4.53502692834204e-06,0.9999954649730716,0.9306109557700355
